,about,category,datePublished,description,image,name,provider,url
0,,Business,2019-08-03T10:03:00.0000000Z,While the Middle East is still home to over 50% of the world's crude oil reserves ... the theocracy lashed out. Iran has attacked and even hijacked tankers near the Straits of Hormuz.,,The Downside In Crude Oil Could Be Limited,"[{'_type': 'Organization', 'name': 'Seeking Alpha'}]",https://seekingalpha.com/article/4280894-downside-crude-oil-limited
1,,World,2019-07-22T19:10:00.0000000Z,"The tension between the UK and Iran over the seizures of oil ... in the country with Africa’s largest proven oil reserves to about 1 million barrels, the Opec member’s lowest since February. An oil tanker, Monterey, has been waiting at Zawiya port ...","{'thumbnail': {'contentUrl': 'https://www.bing.com/th?id=ON.5FA2D2E9942B8EFDA29251025DB63E4C&pid=News', 'width': 600, 'height': 325}}",Oil price and shares of Big Oil rise as UK-Iran tension simmers over tanker seizures,"[{'_type': 'Organization', 'name': 'Irish Examiner', 'image': {'thumbnail': {'contentUrl': 'https://www.bing.com/th?id=AR_1151c45fd3b2bc9ddb42c82459134b23&pid=news'}}}]",https://www.irishexaminer.com/breakingnews/business/oil-price-and-shares-of-big-oil-rise-as-uk-iran-tension-simmers-over-tanker-seizures-938690.html
2,"[{'readLink': 'https://api.cognitive.microsoft.com/api/v7/entities/0c3b7b2c-f40e-cba8-3bb6-29450420b38e', 'name': 'NASDAQ'}, {'readLink': 'https://api.cognitive.microsoft.com/api/v7/entities/0581f529-a659-ac53-5b4d-b31af2c97854', 'name': 'Oil tanker'}, {'readLink': 'https://api.cognitive.microsoft.com/api/v7/entities/47bee4c3-7910-b8eb-c72c-2853ceefead3', 'name': 'Trade'}]",,2019-07-14T17:20:00.0000000Z,"On Thursday, June 13, 2019 at around 5 AM GMT, the Front Altair oil tanker suffered severe damage as it was passing through the Strait of Hormuz. Investigative reports indicate that the Islamic Republic of Iran ... Crude Oil, Brent Crude Oil and the OPEC ...",,Oil Tanker Attack Reignites Short-Term Trading in Crude Oil,"[{'_type': 'Organization', 'name': 'Nasdaq', 'image': {'thumbnail': {'contentUrl': 'https://www.bing.com/th?id=AR_fefdf3a25667a335662ca70fc37bce11&pid=news'}}}]",https://www.nasdaq.com/article/oil-tanker-attack-reignites-shortterm-trading-in-crude-oil-cm1176081
3,"[{'readLink': 'https://api.cognitive.microsoft.com/api/v7/entities/573bec17-e6b2-549e-2cb2-1e1d3940c103', 'name': ""Soldiers' National Monument""}, {'readLink': 'https://api.cognitive.microsoft.com/api/v7/entities/8b35efb3-b950-75ab-b92f-b74a9a3cec91', 'name': 'Petroleum'}]",,2019-07-18T18:02:00.0000000Z,Yet an admission by Iran that they seized an UAE oil tanker may make talks more difficult ... reported that U.S. commercial crude oil inventories (excluding those in the Strategic Petroleum Reserve) decreased by 3.1 million barrels from the previous ...,,Crude Oil & the Peace Put,"[{'_type': 'Organization', 'name': 'MoneyShow.com', 'image': {'thumbnail': {'contentUrl': 'https://www.bing.com/th?id=AR_29bfb61074696104b267e2390ada9425&pid=news'}}}]",https://www.moneyshow.com/articles/tradingidea-52028/crude-oil-_and_-the-peace-put/
4,,Business,2019-07-30T18:36:00.0000000Z,Investing.com – Talk of a sharp drop in Iranian oil exports and the likelihood of the first U.S. rate cut in a decade are helping crude ... tanker data. The drop in exports from OPEC-mamber Iran ...,,Oil up Just Ahead of Expected Fed Cut; Iran Exports Slump Helps,"[{'_type': 'Organization', 'name': 'YAHOO! News', 'image': {'thumbnail': {'contentUrl': 'https://www.bing.com/th?id=AR_e1eef5681737e5676d7a09990b13411a&pid=news'}}}]",https://finance.yahoo.com/news/oil-just-ahead-expected-fed-135700501.html
5,"[{'readLink': 'https://api.cognitive.microsoft.com/api/v7/entities/9a609c4f-f87e-94fa-3e75-1453dd4ffe94', 'name': 'Gulf Oil'}, {'readLink': 'https://api.cognitive.microsoft.com/api/v7/entities/3369b9ee-97d7-1f7d-04db-796f06bac790', 'name': 'Smuggling'}, {'readLink': 'https://api.cognitive.microsoft.com/api/v7/entities/502b5268-992d-26c9-a0d8-6f206338406e', 'name': 'Iran'}]",,2019-07-18T14:32:00.0000000Z,"The UK is seeking to de-escalate and offered to facilitate the release of the Iranian oil tanker detained by Gibraltar if Iran gave guarantees that the crude loaded on that vessel wasn’t bound for Syria, the UK’s Foreign Secretary Jeremy Hunt said this ...",,Iran Claims It Seized Foreign Oil Tanker Smuggling Fuel In Gulf,"[{'_type': 'Organization', 'name': 'Crude Oil Prices', 'image': {'thumbnail': {'contentUrl': 'https://www.bing.com/th?id=AR_5d58604e04c5bdf35d6e74b24b0ef6e0&pid=news'}}}]",https://oilprice.com/Energy/Energy-General/Iran-Claims-It-Seized-Foreign-Oil-Tanker-Smuggling-Fuel-In-Gulf.html
6,"[{'readLink': 'https://api.cognitive.microsoft.com/api/v7/entities/a3ce825b-444a-d683-cfcf-064bf89290ff', 'name': 'Oil'}, {'readLink': 'https://api.cognitive.microsoft.com/api/v7/entities/9f417f89-9a37-e0d0-912e-99dccfb8982d', 'name': 'Reuters'}, {'readLink': 'https://api.cognitive.microsoft.com/api/v7/entities/502b5268-992d-26c9-a0d8-6f206338406e', 'name': 'Iran'}]",,2019-06-20T20:00:00.0000000Z,"Expectations that the U.S. Federal Reserve could cut interest rates at its next meeting, stimulating growth in the world’s largest oil-consuming country, and a drop in U.S. crude inventories ... Tehran for the tanker attacks. Iran denied any role.",,"Oil jumps 5% on Iran tension, potential U.S. fed rate cut","[{'_type': 'Organization', 'name': 'Reuters', 'image': {'thumbnail': {'contentUrl': 'https://www.bing.com/th?id=AR_62e71bb461e92ae25d37bed673fc53b9&pid=news'}}}]",https://www.reuters.com/article/us-global-oil-idUSKCN1TL02F
7,"[{'readLink': 'https://api.cognitive.microsoft.com/api/v7/entities/502b5268-992d-26c9-a0d8-6f206338406e', 'name': 'Iran'}, {'readLink': 'https://api.cognitive.microsoft.com/api/v7/entities/d0270677-9e09-fed6-0693-0ca81df65388', 'name': 'OPEC'}]",,2019-07-18T16:05:00.0000000Z,"As an example, EIA considers Iranian production declines that result from U.S. sanctions to be unplanned production outages, making Iran a significant contributor to the total OPEC unplanned crude oil production outages. During the fourth quarter of 2015 ...",,EIA: Iran drove unplanned OPEC production outage to highest levels since 2015,"[{'_type': 'Organization', 'name': 'World Oil', 'image': {'thumbnail': {'contentUrl': 'https://www.bing.com/th?id=AR_b158121b4796b1ce533943cbfc9f7e7d&pid=news'}}}]",https://www.worldoil.com/news/2019/7/18/eia-iran-drove-unplanned-opec-production-outage-to-highest-levels-since-2015
8,"[{'readLink': 'https://api.cognitive.microsoft.com/api/v7/entities/d5cbae7d-a1d2-cd04-70ed-1eb66f31f4c8', 'name': 'Dharmendra Pradhan'}, {'readLink': 'https://api.cognitive.microsoft.com/api/v7/entities/502b5268-992d-26c9-a0d8-6f206338406e', 'name': 'Iran'}, {'readLink': 'https://api.cognitive.microsoft.com/api/v7/entities/7804fb2e-ea6c-f934-6dc5-c5bc671e2ba2', 'name': 'The Times of India'}]",,2019-06-21T23:06:00.0000000Z,Two oil tankers near the strategic ... Strait of Hormuz leading to rising crude oil price. Reiterated the sensitivity of Indian consumers to prevailing oil price volatility. Sought active role of #SaudiArabia within OPEC & OPEC Plus for keeping oil prices ...,,Pradhan dials Saudi oil minister as crude spikes on Iran tension,"[{'_type': 'Organization', 'name': 'Indiatimes'}]",https://timesofindia.indiatimes.com/business/india-business/pradhan-dials-saudi-oil-minister-as-crude-spikes-on-iran-tension/articleshow/69897038.cms
9,"[{'readLink': 'https://api.cognitive.microsoft.com/api/v7/entities/79464325-4ebf-5477-3c6f-975a3cb4d4a4', 'name': 'Michael Bloomberg'}, {'readLink': 'https://api.cognitive.microsoft.com/api/v7/entities/24b2a17b-be8b-c0bd-4d2e-5343a4671a7d', 'name': 'Seeking Alpha'}, {'readLink': 'https://api.cognitive.microsoft.com/api/v7/entities/8b35efb3-b950-75ab-b92f-b74a9a3cec91', 'name': 'Petroleum'}]",,2019-07-13T10:03:00.0000000Z,The Brent-WTI spread edges lower after OPEC’s latest ... to underpin the price of crude oil is the growing tension in the Middle East. Iran has not taken economic sanctions without retaliation. Iran has attacked oil tankers over recent months.,,Crude Oil Crawls Higher - Don't Get Too Complacent,"[{'_type': 'Organization', 'name': 'Seeking Alpha'}]",https://seekingalpha.com/article/4274726-crude-oil-crawls-higher-get-complacent
10,"[{'readLink': 'https://api.cognitive.microsoft.com/api/v7/entities/a3ce825b-444a-d683-cfcf-064bf89290ff', 'name': 'Oil'}, {'readLink': 'https://api.cognitive.microsoft.com/api/v7/entities/35fd5680-ec74-293a-28e4-0af5e829d6ee', 'name': 'Gulf of Oman'}]",,2019-06-13T07:10:00.0000000Z,"Attacks on tanker ships near the world's busiest sea lane for oil shipments send oil prices sharply higher, partially reversing a deep slump in crude ... of OPEC's third-largest producer to zero. This has contributed to the crippling of Iran's economy ...",,Explosions on two oil tankers near Iran send oil prices 2% higher,"[{'_type': 'Organization', 'name': 'CNBC', 'image': {'thumbnail': {'contentUrl': 'https://www.bing.com/th?id=AR_4efc5b36002beed4d9e08a53512d7e9e&pid=news'}}}]",https://www.cnbc.com/2019/06/13/oil-jumps-more-than-3percent-on-reports-of-tanker-incident-in-the-gulf-of-oman.html
11,,Business,2019-07-30T16:09:00.0000000Z,"Oil demand expectations are back on the rise as the Federal Reserve ... Iran and risk factors in the Strait of Hormuz. Yes, Iran is still holding onto that UK tanker. As long as crude oil holds recent lows, those lows can remain for the rest of this year ...","{'thumbnail': {'contentUrl': 'https://www.bing.com/th?id=ON.F0EABFAB11B22187F56E014608700177&pid=News', 'width': 555, 'height': 370}}",Crude Bottom for 2019 May Be In,"[{'_type': 'Organization', 'name': 'MoneyShow.com', 'image': {'thumbnail': {'contentUrl': 'https://www.bing.com/th?id=AR_29bfb61074696104b267e2390ada9425&pid=news'}}}]",https://www.moneyshow.com/articles/tradingidea-52095/
12,"[{'readLink': 'https://api.cognitive.microsoft.com/api/v7/entities/a3ce825b-444a-d683-cfcf-064bf89290ff', 'name': 'Oil'}, {'readLink': 'https://api.cognitive.microsoft.com/api/v7/entities/9f417f89-9a37-e0d0-912e-99dccfb8982d', 'name': 'Reuters'}, {'readLink': 'https://api.cognitive.microsoft.com/api/v7/entities/502b5268-992d-26c9-a0d8-6f206338406e', 'name': 'Iran'}]",,2019-06-24T03:20:00.0000000Z,"U.S. crude futures settled at $57.90 a barrel, rising 47 cents, or 0.8%. Last week, Brent climbed 5% and U.S. crude surged 10% after Iran shot down a U.S. drone on Thursday in the Gulf, adding to tensions stoked by attacks on oil tankers in the area in May ...",,Oil mixed on crude demand fears and U.S.-Iran tensions,"[{'_type': 'Organization', 'name': 'Reuters'}]",https://in.reuters.com/article/us-global-oil-idINKCN1TP02I
13,"[{'readLink': 'https://api.cognitive.microsoft.com/api/v7/entities/502b5268-992d-26c9-a0d8-6f206338406e', 'name': 'Iran'}, {'readLink': 'https://api.cognitive.microsoft.com/api/v7/entities/f63fbb04-7788-3709-3ea9-c5c8920edcf1', 'name': 'Oil'}]",,2018-10-09T16:02:00.0000000Z,"Iran, the third-largest producer in the Organization of Petroleum Exporting Countries (OPEC), is finding fewer ... The very large crude carrier Dune, operated by National Iranian Tanker Co, offloaded oil into a bonded storage site at the Xingang section ...",,Iranian Tanker Offloads Oil for Bonded Storage in China,"[{'_type': 'Organization', 'name': 'Marine Link', 'image': {'thumbnail': {'contentUrl': 'https://www.bing.com/th?id=AR_793fec7089f411f217a4ad835e0a79b0&pid=news'}}}]",https://www.marinelink.com/news/iranian-tanker-offloads-oil-bonded-442393
14,"[{'readLink': 'https://api.cognitive.microsoft.com/api/v7/entities/f63fbb04-7788-3709-3ea9-c5c8920edcf1', 'name': 'Oil'}, {'readLink': 'https://api.cognitive.microsoft.com/api/v7/entities/67a3148d-aef6-73c4-ab3f-403ad6273336', 'name': 'Strait of Hormuz'}]",,2019-06-13T15:20:00.0000000Z,"“Supply concern flare-ups are not infrequent occurrences in crude markets ... key Saudi oil pipeline. A day ahead of that incident, the Saudis said two of their tankers had been damaged in a sabotage attack. The U.S. has been blaming Iran for those ...",,"Oil rallies after apparent attack on tankers near Strait of Hormuz, but finish off session high","[{'_type': 'Organization', 'name': 'MarketWatch', 'image': {'thumbnail': {'contentUrl': 'https://www.bing.com/th?id=AR_441785deaf1a49733ea1c3b5b1003bbd&pid=news'}}}]",https://www.marketwatch.com/story/oil-prices-rebound-from-five-month-lows-on-reports-of-gulf-of-oman-tanker-fire-2019-06-13
15,"[{'readLink': 'https://api.cognitive.microsoft.com/api/v7/entities/502b5268-992d-26c9-a0d8-6f206338406e', 'name': 'Iran'}, {'readLink': 'https://api.cognitive.microsoft.com/api/v7/entities/31f1c122-bd58-fa8d-3c57-025a8b592d39', 'name': 'Brake fade'}, {'readLink': 'https://api.cognitive.microsoft.com/api/v7/entities/a3ce825b-444a-d683-cfcf-064bf89290ff', 'name': 'Oil'}]",,2019-07-22T01:32:00.0000000Z,"Oil edged ... on fears the tanker capture could disrupt supplies in the heavily trafficked Strait of Hormuz. Brent crude fell 22 cents to $63.04 a barrel on Tuesday. West Texas Intermediate was down 17 cents at $56.05. ""The situation with Iran seems ...",,"Oil slips, Brent around $63/bbl as Iran concerns fade","[{'_type': 'Organization', 'name': 'CNBC', 'image': {'thumbnail': {'contentUrl': 'https://www.bing.com/th?id=AR_4efc5b36002beed4d9e08a53512d7e9e&pid=news'}}}]",https://www.cnbc.com/2019/07/22/oil-markets-middle-east-in-focus.html
16,"[{'readLink': 'https://api.cognitive.microsoft.com/api/v7/entities/67a3148d-aef6-73c4-ab3f-403ad6273336', 'name': 'Strait of Hormuz'}, {'readLink': 'https://api.cognitive.microsoft.com/api/v7/entities/502b5268-992d-26c9-a0d8-6f206338406e', 'name': 'Iran'}]",,2019-07-19T21:13:00.0000000Z,has also been seized in the Strait Crude oil futures are climbing after Iran’s Revolutionary Guard has seized two oil tankers in the Strait of Hormuz – one a British-flagged ship and a second ship flying under a Liberian flag. Crude oil futures climbed ...,,Oil Price Climbs as Iran Seizes British Ship in the Strait of Hormuz,"[{'_type': 'Organization', 'name': 'DailyFX', 'image': {'thumbnail': {'contentUrl': 'https://www.bing.com/th?id=AR_0549242a6935d68a759b33ece6d2d154&pid=news'}}}]",https://www.dailyfx.com/forex/market_alert/2019/07/19/Oil-Price-Climbs-as-Iran-Seizes-British-Ship-in-the-Strait-of-Hormuz.html
17,"[{'readLink': 'https://api.cognitive.microsoft.com/api/v7/entities/5fcc3d97-0cf2-94e5-6dad-cd70e387bd69', 'name': 'China'}]",,2019-04-22T16:03:00.0000000Z,"While tight-lipped government agencies have not and likely will not release detailed data about their strategic petroleum reserve and commercial crude storage ... imports from Iran expire, OPEC pushing to cap output and raise oil prices even more, and ...",,Are China’s Crude Reserves Quietly Dwindling?,"[{'_type': 'Organization', 'name': 'Crude Oil Prices', 'image': {'thumbnail': {'contentUrl': 'https://www.bing.com/th?id=AR_5d58604e04c5bdf35d6e74b24b0ef6e0&pid=news'}}}]",https://oilprice.com/Energy/Energy-General/Are-Chinas-Crude-Reserves-Quietly-Dwindling.html
18,"[{'readLink': 'https://api.cognitive.microsoft.com/api/v7/entities/8b35efb3-b950-75ab-b92f-b74a9a3cec91', 'name': 'Petroleum'}, {'readLink': 'https://api.cognitive.microsoft.com/api/v7/entities/d0270677-9e09-fed6-0693-0ca81df65388', 'name': 'OPEC'}]",,2018-06-22T00:00:00.0000000Z,"This statistic shows the estimated crude oil reserves in OPEC countries as of year-end from 2012 to 2017. As of 2017, Kuwait's oil reserves were estimated to be some 101.5 billion barrels. This amount places Kuwait as one of the top five OPEC members based ...",,OPEC countries - oil reserves 2012-2017,"[{'_type': 'Organization', 'name': 'Statista', 'image': {'thumbnail': {'contentUrl': 'https://www.bing.com/th?id=AR_8dffd2774567681a3407c6274e458b9c&pid=news'}}}]",https://www.statista.com/statistics/273339/oil-reserves-in-opec-countries/
19,,,2019-07-19T06:55:00.0000000Z,"Benchmark crude ... Reserve officials sharpened the public case for acting to support the U.S. economy, reviving bets the central bank may deliver a double-barreled interest rate cut this month. MAP: Iran's guards say they seized a foreign oil tanker ...","{'thumbnail': {'contentUrl': 'https://www.bing.com/th?id=ON.4458E67B1D5D5E91F549B247730E573D&pid=News', 'width': 700, 'height': 401}}",Oil jumps after U.S. Navy downs Iranian drone,"[{'_type': 'Organization', 'name': 'Reuters', 'image': {'thumbnail': {'contentUrl': 'https://www.bing.com/th?id=AR_62e71bb461e92ae25d37bed673fc53b9&pid=news'}}}]",https://www.reuters.com/article/us-global-oil-idUSKCN1UE04M
20,,,2019-07-29T18:00:00.0000000Z,"A second attack on oil vessels in the region in June, the arrest of a British-flagged oil tanker ... Iran, Iraq, Kuwait, Qatar, UAE and Oman collectively pump about 22 million barrels per day of ...","{'thumbnail': {'contentUrl': 'https://www.bing.com/th?id=ON.06D3BBE0ACFEB3AB4E22E5F32D254545&pid=News', 'width': 700, 'height': 350}}",India and China cannot rely on US oil as Iran troubles heat up,"[{'_type': 'Organization', 'name': 'NIKKEI', 'image': {'thumbnail': {'contentUrl': 'https://www.bing.com/th?id=AR_aff395006c3d601f066690b1f04141fc&pid=news'}}}]",https://asia.nikkei.com/Opinion/India-and-China-cannot-rely-on-US-oil-as-Iran-troubles-heat-up
21,"[{'readLink': 'https://api.cognitive.microsoft.com/api/v7/entities/502b5268-992d-26c9-a0d8-6f206338406e', 'name': 'Iran'}, {'readLink': 'https://api.cognitive.microsoft.com/api/v7/entities/bf13ed75-3470-fe74-fc28-bdb264cab667', 'name': 'Knob and tube wiring'}, {'readLink': 'https://api.cognitive.microsoft.com/api/v7/entities/a1fef295-b09b-bc52-5ef7-1bfc1389ea0c', 'name': 'Sanctions'}]",,2018-08-24T12:37:00.0000000Z,"As Iran’s customers give in to mounting U.S. pressure, shipments from the OPEC member ... to minimize risks for oil lifters. The vital role played by Iran’s fleet of very large crude carriers, or VLCCs, Aframax and Suezmax tankers, in delivering ...",,Iran's tanker fleet gives oil-export lifeline as sanctions loom,"[{'_type': 'Organization', 'name': 'World Oil', 'image': {'thumbnail': {'contentUrl': 'https://www.bing.com/th?id=AR_b158121b4796b1ce533943cbfc9f7e7d&pid=news'}}}]",https://www.worldoil.com/news/2018/8/24/irans-tanker-fleet-gives-oil-export-lifeline-as-sanctions-loom
22,"[{'readLink': 'https://api.cognitive.microsoft.com/api/v7/entities/e584e098-90a9-b3c6-793e-f56eed4b567a', 'name': 'Operation Dawn 9: Gulf of Aden'}]",,2019-06-20T20:21:00.0000000Z,"BIMCO says anywhere between 10-40 vessels carrying just crude oil move through daily. During the so-called Tanker War of the 1980s, when Iran and Iraq targeted vessels carrying one another’s exports, the US Navy escorted oil tankers through the Arabian ...",,Crude shippers boost security after attacks on tankers in Gulf,"[{'_type': 'Organization', 'name': 'Arab News', 'image': {'thumbnail': {'contentUrl': 'https://www.bing.com/th?id=AR_47805ee2af10c6da99ed6e6e1937f94e&pid=news'}}}]",http://www.arabnews.com/node/1513816/business-economy
23,"[{'readLink': 'https://api.cognitive.microsoft.com/api/v7/entities/502b5268-992d-26c9-a0d8-6f206338406e', 'name': 'Iran'}, {'readLink': 'https://api.cognitive.microsoft.com/api/v7/entities/0c3b7b2c-f40e-cba8-3bb6-29450420b38e', 'name': 'NASDAQ'}, {'readLink': 'https://api.cognitive.microsoft.com/api/v7/entities/846bdeb6-8f84-61cf-baa9-434e4aa6c408', 'name': 'Tank ship'}]",,2019-06-13T13:15:00.0000000Z,Energy stocks are set to open higher as oil prices surge following headlines of suspected attacks on two tankers off the coast of Iran. WTI and Brent crude oil are both higher ... The attacks overshadow OPEC's cut to its oil demand growth forecast ...,,Crude Surges on Reported Tanker Attacks Near Iran,"[{'_type': 'Organization', 'name': 'Nasdaq', 'image': {'thumbnail': {'contentUrl': 'https://www.bing.com/th?id=AR_fefdf3a25667a335662ca70fc37bce11&pid=news'}}}]",https://www.nasdaq.com/article/crude-surges-on-reported-tanker-attacks-near-iran-cm1163357
24,"[{'readLink': 'https://api.cognitive.microsoft.com/api/v7/entities/502b5268-992d-26c9-a0d8-6f206338406e', 'name': 'Iran'}]",,2019-07-11T19:49:00.0000000Z,"However, prices gave up most gains as OPEC forecast that world demand for its crude would decline ... A day after Iran warned Britain would face ""consequences"" over the seizure of an Iranian oil tanker, three Iranian vessels tried to block the passage ...",,"Oil hits six-week high on Gulf of Mexico storm, Iran tensions","[{'_type': 'Organization', 'name': 'moneycontrol.com', 'image': {'thumbnail': {'contentUrl': 'https://www.bing.com/th?id=AR_bc3535dea5b7e3e3a324b04a00a19e3c&pid=news'}}}]",https://www.moneycontrol.com/news/business/commodities/oil-hits-six-week-high-on-gulf-of-mexico-storm-iran-tensions-4196681.html
25,"[{'readLink': 'https://api.cognitive.microsoft.com/api/v7/entities/a3ce825b-444a-d683-cfcf-064bf89290ff', 'name': 'Oil'}, {'readLink': 'https://api.cognitive.microsoft.com/api/v7/entities/502b5268-992d-26c9-a0d8-6f206338406e', 'name': 'Iran'}]",,2019-06-20T01:05:00.0000000Z,"Expectations that the U.S. Federal Reserve could cut interest rates at its next meeting, stimulating growth in the world's largest oil-consuming country, and a drop in U.S. crude inventories ... Tehran for the tanker attacks. Iran denied any role.",,"Oil jumps 5% on Iran tension, potential U.S. fed rate cut","[{'_type': 'Organization', 'name': 'YAHOO!'}]",https://finance.yahoo.com/news/oil-prices-rise-u-stockpiles-005400041.html
26,"[{'readLink': 'https://api.cognitive.microsoft.com/api/v7/entities/a3ce825b-444a-d683-cfcf-064bf89290ff', 'name': 'Oil'}, {'readLink': 'https://api.cognitive.microsoft.com/api/v7/entities/d0270677-9e09-fed6-0693-0ca81df65388', 'name': 'OPEC'}]",,2019-06-18T08:31:00.0000000Z,“Crude remains vulnerable on falling demand expectations from trade uncertainty and OPEC’s inability to solidify ... confrontation as Saudi Arabia accuses Iran of complicity in attacks on the two oil tankers. Iran has denied culpability.,,Oil Holds Losses as OPEC Uncertainty Continues,"[{'_type': 'Organization', 'name': 'Rigzone', 'image': {'thumbnail': {'contentUrl': 'https://www.bing.com/th?id=AR_96c2d76d2efd926cab3dc990f029a409&pid=news'}}}]",https://www.rigzone.com/news/wire/oil_holds_losses_as_opec_uncertainty_continues-18-jun-2019-159092-article
27,"[{'readLink': 'https://api.cognitive.microsoft.com/api/v7/entities/79464325-4ebf-5477-3c6f-975a3cb4d4a4', 'name': 'Michael Bloomberg'}]",,2019-06-20T12:28:00.0000000Z,Oil jumped the most this year as ... saying a “loose and stupid” individual -- rather than Iran’s top leaders -- may have been culpable. Crude was also boosted by an equity rally after the U.S. Federal Reserve signaled it’s ready to lower interest ...,,Crude Climbs by Most This Year as Iran Shoots Down U.S. Drone,"[{'_type': 'Organization', 'name': 'Bloomberg', 'image': {'thumbnail': {'contentUrl': 'https://www.bing.com/th?id=AR_547fa6d5f7b56fc1176cbdaadbcad3bc&pid=news'}}}]",https://www.bloomberg.com/news/articles/2019-06-19/oil-finds-support-on-tighter-u-s-supplies-robust-gas-demand
28,,,2014-01-29T12:32:00.0000000Z,"Iraq's intention to challenge Saudi Arabia's status as the ""swing producer"" in the OPEC cartel could see a dramatic fall in oil prices if Baghdad decides to break the group's quotas and sell more of its crude ... Iran and Iraq hold greater reserves of ...",,Iraq And Iran Plot Oil Revolution In Challenge To Saudi Arabia,"[{'_type': 'Organization', 'name': 'Business Insider', 'image': {'thumbnail': {'contentUrl': 'https://www.bing.com/th?id=AR_86ac6d5fd1859e509650fb5feef96bf7&pid=news'}}}]",https://www.businessinsider.com/iraq-and-iran-plot-oil-revolution-in-challenge-to-saudi-arabia-2014-1
29,,,2018-10-09T13:35:00.0000000Z,"Iran, the third-largest producer in the Organization of Petroleum Exporting Countries (OPEC), is finding fewer ... The very large crude carrier Dune, operated by National Iranian Tanker Co, offloaded oil into a bonded storage site at the Xingang section ...",,Iranian tanker discharges oil into storage in China ahead of US sanctions,"[{'_type': 'Organization', 'name': 'Gulf Times'}]",https://www.gulf-times.com/story/608817/Iranian-tanker-discharges-oil-into-storage-in-Chin
30,"[{'readLink': 'https://api.cognitive.microsoft.com/api/v7/entities/d0270677-9e09-fed6-0693-0ca81df65388', 'name': 'OPEC'}, {'readLink': 'https://api.cognitive.microsoft.com/api/v7/entities/0581f529-a659-ac53-5b4d-b31af2c97854', 'name': 'Oil tanker'}, {'readLink': 'https://api.cognitive.microsoft.com/api/v7/entities/52b11378-d75c-46c3-0f68-ccad1013e75f', 'name': 'Rates'}]",,2019-02-22T18:02:00.0000000Z,"Savvy oil traders keep an eye on the cost of moving crude via tankers for myriad clues to the underlying ... Iraq, along with Libya, Iran and Venezuela, are exempt from the OPEC cuts. But check that thought, Tran said, as it appears compliance overall ...",,What oil-tanker rates can tell traders about OPEC members’ compliance with cuts,"[{'_type': 'Organization', 'name': 'MarketWatch', 'image': {'thumbnail': {'contentUrl': 'https://www.bing.com/th?id=AR_441785deaf1a49733ea1c3b5b1003bbd&pid=news'}}}]",https://www.marketwatch.com/story/what-oil-tanker-rates-can-tell-traders-about-opec-members-compliance-with-cuts-2019-02-22
31,"[{'readLink': 'https://api.cognitive.microsoft.com/api/v7/entities/5fcc3d97-0cf2-94e5-6dad-cd70e387bd69', 'name': 'China'}, {'readLink': 'https://api.cognitive.microsoft.com/api/v7/entities/502b5268-992d-26c9-a0d8-6f206338406e', 'name': 'Iran'}]",,2018-10-09T10:54:00.0000000Z,"Iran, the third-largest producer in the Organization of Petroleum Exporting Countries (OPEC), is finding fewer ... The very large crude carrier Dune, operated by National Iranian Tanker Co, offloaded oil into a bonded storage site at the Xingang section ...",,Iranian tanker delivers oil to China,"[{'_type': 'Organization', 'name': 'Arab News', 'image': {'thumbnail': {'contentUrl': 'https://www.bing.com/th?id=AR_47805ee2af10c6da99ed6e6e1937f94e&pid=news'}}}]",http://www.arabnews.com/node/1384996/middle-east
32,"[{'readLink': 'https://api.cognitive.microsoft.com/api/v7/entities/a3ce825b-444a-d683-cfcf-064bf89290ff', 'name': 'Oil'}]",,2019-06-25T22:16:00.0000000Z,"Oil prices could rise if Federal Reserve Chairman ... 5 percent and US crude surged almost 10 percent, its strongest week since 2016, after Iran shot down a US drone, adding to tensions stoked by previous attacks on oil tankers in the area.",,Oil prices tick up ahead of US crude stock data,"[{'_type': 'Organization', 'name': 'moneycontrol.com', 'image': {'thumbnail': {'contentUrl': 'https://www.bing.com/th?id=AR_bc3535dea5b7e3e3a324b04a00a19e3c&pid=news'}}}]",https://www.moneycontrol.com/news/business/commodities/oil-prices-tick-up-ahead-of-us-crude-stock-data-4137711.html
33,,,2017-04-06T07:31:00.0000000Z,"Tanker tracking ... opposition in Iran, which holds the world's fourth biggest oil reserves. The plans have now been postponed until after a May presidential election. ""Iran needs billions of dollars of investment to boost crude oil production and natural ...",,Iran struggles to expand oil exports as sea storage cleared,"[{'_type': 'Organization', 'name': 'Business Insider', 'image': {'thumbnail': {'contentUrl': 'https://www.bing.com/th?id=AR_86ac6d5fd1859e509650fb5feef96bf7&pid=news'}}}]",https://www.businessinsider.com/r-iran-struggles-to-expand-oil-exports-as-sea-storage-cleared-2017-4
34,"[{'readLink': 'https://api.cognitive.microsoft.com/api/v7/entities/f464bfb4-378e-195d-bbd3-e22cc92c87e3', 'name': 'Raise'}]",,2019-06-14T15:43:00.0000000Z,"A fire-fighting vessel purportedly from Iran douses the Norwegian ... Paolo d’Amico, the chair of the tanker trade group Intertank, said the industry is extremely worried. “We need to remember that some 30% of the world’s crude oil passes through ...",,Oil tanker attacks raise fear of surge in global energy prices,"[{'_type': 'Organization', 'name': 'The Guardian', 'image': {'thumbnail': {'contentUrl': 'https://www.bing.com/th?id=AR_2a11e962b50de53410a02557d2ad4c13&pid=news'}}}]",https://www.theguardian.com/business/2019/jun/14/oil-tankers-attacks-raise-fear-of-surge-in-global-energy-prices
35,,,2018-12-06T22:40:00.0000000Z,Crude oil futures declined Thursday amid ongoing uncertainty regarding what action the “OPEC+” group – Organization of Petroleum Exporting Countries (OPEC) member nations and Russia – will take to bolster the oil market. January West Texas ...,,Crude Oil Down on OPEC+ and More,"[{'_type': 'Organization', 'name': 'Rigzone', 'image': {'thumbnail': {'contentUrl': 'https://www.bing.com/th?id=AR_96c2d76d2efd926cab3dc990f029a409&pid=news'}}}]",https://www.rigzone.com/news/wire/crude_oil_down_on_opec_and_more-06-dec-2018-157663-article/
36,"[{'readLink': 'https://api.cognitive.microsoft.com/api/v7/entities/ba4dcd59-7aaf-ab51-0b2c-3186cc75acdc', 'name': 'Middle East'}]",,2019-05-17T06:13:00.0000000Z,"The drone attack reportedly happened two days after four vessels, including two Saudi oil tankers ... sanctions against Iran, a fellow OPEC producer but regional foe. Though the tensions have pushed up oil prices, a rise in US crude oil inventories ...",,Crude Oil Price Rebounds to $73 over Middle East Tensions,"[{'_type': 'Organization', 'name': 'This Day'}]",https://www.thisdaylive.com/index.php/2019/05/17/crude-oil-price-rebounds-to-73-over-middle-east-tensions/
37,"[{'readLink': 'https://api.cognitive.microsoft.com/api/v7/entities/672bc136-22f9-3750-0459-2fbd2340f892', 'name': 'Saudi Arabia'}, {'readLink': 'https://api.cognitive.microsoft.com/api/v7/entities/3e3c9969-4616-9bac-b7c5-bb8633513f4c', 'name': 'Iraq'}, {'readLink': 'https://api.cognitive.microsoft.com/api/v7/entities/ed4fce79-8ad4-352b-205b-e4db36c49bbe', 'name': 'Russia'}]",,2018-10-03T12:54:00.0000000Z,"NEW DELHI: With the noose of US sanctions already tightening on Iran’s oil exports, buyers and traders of crude are asking who ... world’s second-biggest gas reserves, according to BP Plc data. HOW MUCH OIL IS AT RISK? OPEC’s third-largest producer ...",,"Saudi Arabia, Iraq and Russia can make up for Iran's lost oil sales","[{'_type': 'Organization', 'name': 'timesofindia.indiatimes.com'}]",https://timesofindia.indiatimes.com/business/international-business/saudi-arabia-iraq-and-russia-can-make-up-for-irans-lost-oil-sales/articleshow/66051074.cms
38,"[{'readLink': 'https://api.cognitive.microsoft.com/api/v7/entities/7961bb21-207e-9790-77b3-472a7f21df6b', 'name': 'Support'}, {'readLink': 'https://api.cognitive.microsoft.com/api/v7/entities/502b5268-992d-26c9-a0d8-6f206338406e', 'name': 'Iran'}]",,2019-06-25T11:17:00.0000000Z,"Brent climbed 5% last week and U.S. crude surged 10% after Iran shot down a US drone on Thursday in the Gulf, adding to tensions stoked by attacks on oil tankers in the area ... released on Monday by the Federal Reserve Bank of Dallas added to worries ...",,"Oil prices drop amid demand worries, but US-Iran tensions support","[{'_type': 'Organization', 'name': 'Mint', 'image': {'thumbnail': {'contentUrl': 'https://www.bing.com/th?id=AR_e3f5b5599888e2963fb8345a1990017f&pid=news'}}}]",https://www.livemint.com/market/commodities/oil-prices-drop-amid-demand-worries-but-us-iran-tensions-support-1561441210056.html
39,"[{'readLink': 'https://api.cognitive.microsoft.com/api/v7/entities/22dce955-9360-9a33-a93c-16fd88a55727', 'name': 'Jump drive'}, {'readLink': 'https://api.cognitive.microsoft.com/api/v7/entities/a3ce825b-444a-d683-cfcf-064bf89290ff', 'name': 'Oil'}, {'readLink': 'https://api.cognitive.microsoft.com/api/v7/entities/502b5268-992d-26c9-a0d8-6f206338406e', 'name': 'Iran'}]",,2019-06-21T01:20:00.0000000Z,"Expectations that the US Federal Reserve could cut interest rates at its next meeting, stimulating growth in the world's largest oil-consuming country, and a drop in US crude inventories ... blamed Tehran for the tanker attacks. Iran denied any role.",,Oil prices jump 5% on US-Iran tensions,"[{'_type': 'Organization', 'name': 'The Straits Times', 'image': {'thumbnail': {'contentUrl': 'https://www.bing.com/th?id=AR_2f00de0769c1a5030e33ee100a8f6ee0&pid=news'}}}]",https://www.straitstimes.com/business/companies-markets/oil-prices-jump-5-on-us-iran-tensions
40,"[{'readLink': 'https://api.cognitive.microsoft.com/api/v7/entities/9f417f89-9a37-e0d0-912e-99dccfb8982d', 'name': 'Reuters'}, {'readLink': 'https://api.cognitive.microsoft.com/api/v7/entities/a3ce825b-444a-d683-cfcf-064bf89290ff', 'name': 'Oil'}, {'readLink': 'https://api.cognitive.microsoft.com/api/v7/entities/458fb3ec-80f7-2a40-2f5e-ea0bf47fe7f6', 'name': 'Stock'}]",,2019-06-19T19:52:00.0000000Z,"Equities held steady after the U.S. Federal Reserve’s decision to hold interest rates steady, as expected, after concluding a two-day policy meeting on Wednesday. “The crude ... tanker attacks, which boosted oil prices. Fears of a confrontation between ...",,Oil prices little changed despite U.S. crude stock draw,"[{'_type': 'Organization', 'name': 'Reuters'}]",https://uk.reuters.com/article/uk-global-oil/oil-prices-little-changed-despite-u-s-crude-stock-draw-idUKKCN1TK020
41,,,2018-10-10T00:00:00.0000000Z,"Iran, the third-largest producer in the Organization of Petroleum Exporting Countries (OPEC), is finding fewer ... The very large crude carrier Dune, operated by National Iranian Tanker Co, offloaded oil into a bonded storage site at the Xingang section ...",,Iranian tanker discharges oil into storage in China ahead of U.S. Sanctions,"[{'_type': 'Organization', 'name': 'Hellenic Shipping News Worldwide'}]",https://www.hellenicshippingnews.com/iranian-tanker-discharges-oil-into-storage-in-china-ahead-of-u-s-sanctions/
42,"[{'readLink': 'https://api.cognitive.microsoft.com/api/v7/entities/341a7de9-c25e-8840-9c08-06ffc211738c', 'name': 'Shale, California'}, {'readLink': 'https://api.cognitive.microsoft.com/api/v7/entities/70834f76-d913-bf85-87a6-b9386945a646', 'name': 'The Wall Street Journal'}, {'readLink': 'https://api.cognitive.microsoft.com/api/v7/entities/f63fbb04-7788-3709-3ea9-c5c8920edcf1', 'name': 'Oil'}]",,2019-06-13T20:58:00.0000000Z,“I’m 100% confident there’s going to be production and delivery issues out of the non-Saudi OPEC countries.” A U.S. Energy Information Administration report on Thursday showed that crude ... oil demand. Attacks off the coast of Iran damaged two ...,,"Tanker Attacks Lift Oil Prices, Improve Shale Producers’ Outlook","[{'_type': 'Organization', 'name': 'Wall Street Journal', 'image': {'thumbnail': {'contentUrl': 'https://www.bing.com/th?id=AR_fb65cf047b726a4d148957726730accd&pid=news'}}}]",https://www.wsj.com/articles/oil-prices-jump-after-suspected-tanker-attack-11560418265
43,,,2018-11-30T06:40:00.0000000Z,"Three countries currently account for close to 40 percent of global crude oil production ... experiencing now. Iran has already demonstrated it could ramp up pretty quickly if given the chance. In other words, OPEC’s clout on oil markets may be ...",,The Oil Powerhouses Replacing OPEC,"[{'_type': 'Organization', 'name': 'Iranian.com', 'image': {'thumbnail': {'contentUrl': 'https://www.bing.com/th?id=AR_c7e92d2550fd9f04a3e99c945ce58f56&pid=news'}}}]",https://iranian.com/2018/11/30/oil-powerhouses-replacing-opec/
44,,,2019-07-01T10:09:00.0000000Z,Mission accomplished: Oil companies are producing record amounts of crude oil and ... impose sanctions on Iran and Venezuela without risking higher gasoline prices or shortages. Rising tensions with Iran after attacks on two oil tankers and a United ...,,U.S. Oil Companies Find Energy Independence Isn’t So Profitable,"[{'_type': 'Organization', 'name': 'New York Times', 'image': {'thumbnail': {'contentUrl': 'https://www.bing.com/th?id=AR_cc657c1af702fae867766bbf2aa25756&pid=news'}}}]",https://www.nytimes.com/2019/06/30/business/energy-environment/oil-companies-profit.html
45,,,2019-07-16T22:00:00.0000000Z,"American crude is grabbing a bigger slice of Asia as U.S. sanctions crimp supply from Venezuela and Iran ... Buyers A spate of tanker attacks in the Gulf of Oman ratcheted up risks of importing oil from the Middle East, home to OPEC’s top five drillers ...","{'thumbnail': {'contentUrl': 'https://www.bing.com/th?id=ON.1315AFAFCCC5A245167A40DB4EEBE13A&pid=News', 'width': 700, 'height': 466}}",U.S. Oil Lets Top Korean Refiner Pivot Away From Middle East,"[{'_type': 'Organization', 'name': 'Bloomberg', 'image': {'thumbnail': {'contentUrl': 'https://www.bing.com/th?id=AR_547fa6d5f7b56fc1176cbdaadbcad3bc&pid=news'}}}]",https://www.bloomberg.com/news/articles/2019-07-16/u-s-oil-gives-korea-top-buyer-a-pivot-as-middle-east-risk-soars
46,"[{'readLink': 'https://api.cognitive.microsoft.com/api/v7/entities/502b5268-992d-26c9-a0d8-6f206338406e', 'name': 'Iran'}, {'readLink': 'https://api.cognitive.microsoft.com/api/v7/entities/a3ce825b-444a-d683-cfcf-064bf89290ff', 'name': 'Oil'}]",,2019-06-24T20:02:00.0000000Z,"U.S. crude futures settled at $57.90 a barrel, rising 47 cents, or 0.8 per cent. Last week, Brent climbed 5% and U.S. crude surged 10% after Iran shot down a U.S. drone on Thursday in the Gulf, adding to tensions stoked by attacks on oil tankers in the ...",,Oil mixed on crude demand fears and U.S.-Iran tensions,"[{'_type': 'Organization', 'name': 'The Globe and Mail', 'image': {'thumbnail': {'contentUrl': 'https://www.bing.com/th?id=AR_1f750f81af6f6845a017392dae8ac4d5&pid=news'}}}]",https://www.theglobeandmail.com/business/industry-news/energy-and-resources/article-oil-prices-rise-on-us-iran-tensions/
47,"[{'readLink': 'https://api.cognitive.microsoft.com/api/v7/entities/0581f529-a659-ac53-5b4d-b31af2c97854', 'name': 'Oil tanker'}, {'readLink': 'https://api.cognitive.microsoft.com/api/v7/entities/28ecad29-90e7-f5fa-3f91-1a0842a9d578', 'name': 'Fan-In'}, {'readLink': 'https://api.cognitive.microsoft.com/api/v7/entities/4a07c322-30f5-82ab-3b0f-d0cf0d56789a', 'name': 'Shipping'}]",,2017-02-01T00:00:00.0000000Z,"In January, the international sanctions on Iran were lifted, resulting in a very swift increase of their oil production capacities and subsequent re-entry into the global oil export market. Seasonality has certainly been a friend of crude oil tanker owners ...",,Tanker shipping: A strong season lifts crude oil tankers before it is expected to hit the fan in 2017,"[{'_type': 'Organization', 'name': 'Hellenic Shipping News Worldwide'}]",https://www.hellenicshippingnews.com/tanker-shipping-a-strong-season-lifts-crude-oil-tankers-before-it-is-expected-to-hit-the-fan-in-2017/
48,"[{'readLink': 'https://api.cognitive.microsoft.com/api/v7/entities/1a466af2-ed23-25bd-794d-1ca925e4681b', 'name': 'Donald Trump'}, {'readLink': 'https://api.cognitive.microsoft.com/api/v7/entities/d0270677-9e09-fed6-0693-0ca81df65388', 'name': 'OPEC'}]",,2018-09-20T13:52:00.0000000Z,"The president has tweeted several times that he wants lower oil prices, prodding OPEC to simply open its spigots. At the same time, Trump will reimpose sanctions on Iran later this year ... trains and giant crude tankers. Any disruption, no matter how ...",,Trump urges OPEC to drive down oil prices,"[{'_type': 'Organization', 'name': 'Washington Post', 'image': {'thumbnail': {'contentUrl': 'https://www.bing.com/th?id=AR_04bc0c1c424cf64dec14a2982f0360ef&pid=news'}}}]",https://www.washingtonpost.com/business/2018/09/20/trump-urges-opec-drive-down-oil-prices/
49,"[{'readLink': 'https://api.cognitive.microsoft.com/api/v7/entities/a3ce825b-444a-d683-cfcf-064bf89290ff', 'name': 'Oil'}, {'readLink': 'https://api.cognitive.microsoft.com/api/v7/entities/8b66bc9b-0323-f7ad-c81f-34c7a0b848a0', 'name': 'News'}]",,2019-06-20T22:53:00.0000000Z,"Also supporting oil prices were a drop in US crude inventories and expectations that the US Federal Reserve ... tankers near the Strait of Hormuz, a crucial passageway for oil supplies in the Gulf. While Washington blamed Tehran for the tanker attacks ...",,"Oil prices are up, and could go even higher","[{'_type': 'Organization', 'name': 'Al Jazeera English', 'image': {'thumbnail': {'contentUrl': 'https://www.bing.com/th?id=AR_29ad67539580a95cda82bfc29bc3dba7&pid=news'}}}]",https://www.aljazeera.com/ajimpact/oil-prices-higher-190620201754321.html
50,,,2018-10-02T13:42:00.0000000Z,"Iran however, is being clever with tanker movements ... grades of crude oil in the SPR. Combined with private stocks that amounts to about five to six months of supply for U.S. consumer demand. The president has been pressuring OPEC to produce more ...",,3 Crude Oil Events to Watch Before the End of the Year,"[{'_type': 'Organization', 'name': 'TheStreet.com', 'image': {'thumbnail': {'contentUrl': 'https://www.bing.com/th?id=AR_56eb34237378c28805a3d07d6d6e5189&pid=news'}}}]",https://www.thestreet.com/markets/commodities/oil/3-crude-oil-events-to-watch-before-end-of-year-14730053
51,,,2019-07-23T02:42:00.0000000Z,"This came after Iran said it seized the Stena Impero British oil tanker vessel in the Strait of Hormuz on ... for an extended period,"" the IEA said in a statement. Strategic crude oil reserves allow a country to counter short-term supply disruptions.","{'thumbnail': {'contentUrl': 'https://www.bing.com/th?id=ON.BFAFB174736BB9C789D1D4DED3137337&pid=News', 'width': 600, 'height': 338}}",IEA promises to use emergency stocks to cover supply disruptions,"[{'_type': 'Organization', 'name': 'Mint', 'image': {'thumbnail': {'contentUrl': 'https://www.bing.com/th?id=AR_e3f5b5599888e2963fb8345a1990017f&pid=news'}}}]",https://www.livemint.com/industry/energy/iea-promises-to-use-emergency-stocks-to-cover-supply-disruptions-1563848293728.html
52,,,2018-10-18T11:41:00.0000000Z,"22 mln bbls Iranian oil to reach Dalian port in Oct-Nov * Three tankers heading ... to January 2015. Iran, the third-largest producer in the Organisation of the Petroleum Exporting Countries (OPEC), is finding fewer takers for its crude ahead of U.S ...",,"With few buyers, Iranian oil armada heads to China ahead of U.S. sanctions","[{'_type': 'Organization', 'name': 'Reuters'}]",https://af.reuters.com/article/commoditiesNews/idAFL3N1WY308
53,"[{'readLink': 'https://api.cognitive.microsoft.com/api/v7/entities/85fa63d3-9596-adb9-b4eb-502273d84f56', 'name': 'India'}, {'readLink': 'https://api.cognitive.microsoft.com/api/v7/entities/d0270677-9e09-fed6-0693-0ca81df65388', 'name': 'OPEC'}]",,2018-03-19T06:16:00.0000000Z,"LAUNCESTON: The market narrative consuming crude oil markets currently is the interplay between supply cuts by OPEC and its allies and rising ... Other losers from the Middle East included Iran, with a 0.5 percent drop to 470,500 bpd, and the United ...",,India shows crude battle is much more than OPEC vs U.S. shale,"[{'_type': 'Organization', 'name': 'The New Indian Express', 'image': {'thumbnail': {'contentUrl': 'https://www.bing.com/th?id=AR_88959664f31f534a5b2386ebcefeaaba&pid=news'}}}]",http://www.newindianexpress.com/business/2018/mar/19/india-shows-crude-battle-is-much-more-than-opec-vs-us-shale-1789318.html
54,"[{'readLink': 'https://api.cognitive.microsoft.com/api/v7/entities/a3ce825b-444a-d683-cfcf-064bf89290ff', 'name': 'Oil'}, {'readLink': 'https://api.cognitive.microsoft.com/api/v7/entities/d0270677-9e09-fed6-0693-0ca81df65388', 'name': 'OPEC'}, {'readLink': 'https://api.cognitive.microsoft.com/api/v7/entities/70834f76-d913-bf85-87a6-b9386945a646', 'name': 'The Wall Street Journal'}]",,2018-12-07T23:37:00.0000000Z,"Oil prices climbed Friday after OPEC and its allies agreed to cut 1.2 million barrels of oil a day from global supply. Light, sweet crude for January delivery ... including from Iran. News of the deal came with the revelation that Iran won’t be a part ...",,"Oil Prices Soar After OPEC, Allies Announce Production Deal","[{'_type': 'Organization', 'name': 'Wall Street Journal', 'image': {'thumbnail': {'contentUrl': 'https://www.bing.com/th?id=AR_fb65cf047b726a4d148957726730accd&pid=news'}}}]",https://www.wsj.com/articles/oil-prices-hover-as-opec-meets-1544182124
55,,,2018-07-17T08:57:00.0000000Z,TEHRAN: Iranian Minister of Petroleum Bijan Namdar Zanganeh said Monday that the Organization of the Petroleum Exporting Countries (OPEC ... increase its oil exports to compensate for the shortage in the market demand in case Iran's crude exports drop.,,Iran warns OPEC against raising oil output,"[{'_type': 'Organization', 'name': 'The New Indian Express', 'image': {'thumbnail': {'contentUrl': 'https://www.bing.com/th?id=AR_88959664f31f534a5b2386ebcefeaaba&pid=news'}}}]",http://www.newindianexpress.com/business/2018/jul/17/iran-warns-opec-against-raising-oil-output-1844506.html
56,"[{'readLink': 'https://api.cognitive.microsoft.com/api/v7/entities/e17b178a-0357-6900-6256-23c71793841d', 'name': 'Sharmell Sullivan-Huffman'}, {'readLink': 'https://api.cognitive.microsoft.com/api/v7/entities/4225f1fe-45d3-b433-17c0-0d39c284fe91', 'name': 'Gulf of Mexico'}]",,2019-07-11T15:06:00.0000000Z,A fourth weekly draw in U.S. crude stockpiles and signs that the Federal Reserve is prepared ... from blocking an oil tanker leaving the Persian Gulf. U.S. President Donald Trump vowed Wednesday to impose more sanctions on Iran and accused it of violating ...,,Storm strands third of Gulf of Mexico’s oil — pushing crude prices over $60,"[{'_type': 'Organization', 'name': 'Calgary Herald', 'image': {'thumbnail': {'contentUrl': 'https://www.bing.com/th?id=AR_959bbcd0889753016b85797026d6152a&pid=news'}}}]",https://calgaryherald.com/commodities/energy/oil-trades-near-seven-week-high-amid-gulf-storm-2020-outlook/wcm/3c13e1e8-eb29-4aca-a327-6b33b9ee6e93
57,"[{'readLink': 'https://api.cognitive.microsoft.com/api/v7/entities/502b5268-992d-26c9-a0d8-6f206338406e', 'name': 'Iran'}, {'readLink': 'https://api.cognitive.microsoft.com/api/v7/entities/a3ce825b-444a-d683-cfcf-064bf89290ff', 'name': 'Oil'}, {'readLink': 'https://api.cognitive.microsoft.com/api/v7/entities/8b66bc9b-0323-f7ad-c81f-34c7a0b848a0', 'name': 'News'}]",,2019-06-20T11:36:00.0000000Z,"Iran's elite ... for the tanker attacks and Tehran denying any role. Oil prices had risen earlier in the day supported by signs of improving demand in the US, an agreement between Organization of the Petroleum Exporting Countries (OPEC) and other ...",,Oil prices surge after Iran shoots down US drone,"[{'_type': 'Organization', 'name': 'Al Jazeera English', 'image': {'thumbnail': {'contentUrl': 'https://www.bing.com/th?id=AR_29ad67539580a95cda82bfc29bc3dba7&pid=news'}}}]",https://www.aljazeera.com/ajimpact/oil-prices-surge-iran-shoots-drone-190620085950312.html
58,"[{'readLink': 'https://api.cognitive.microsoft.com/api/v7/entities/d0270677-9e09-fed6-0693-0ca81df65388', 'name': 'OPEC'}, {'readLink': 'https://api.cognitive.microsoft.com/api/v7/entities/ddb7c000-f710-87a0-dfc6-763c39ac30ee', 'name': 'World'}, {'readLink': 'https://api.cognitive.microsoft.com/api/v7/entities/bc89d6dd-7784-36e6-bbfa-e56e02864aec', 'name': 'Stockpile'}]",,2019-06-20T02:33:00.0000000Z,"US West Texas Intermediate (WTI) crude futures were up 79 cents, or 1.5%, at $54.55 a barrel. WTI fell 0.26% in the previous session. OPEC and its allies will discuss whether to extend a deal on cutting 1.2 million barrels per day of production that runs ...",,"WTI Crude: Oil prices rise as US stockpiles drop, OPEC agrees meeting date","[{'_type': 'Organization', 'name': 'Zee Business'}]",https://www.zeebiz.com/world/news-wti-crude-oil-prices-rise-as-us-stockpiles-drop-opec-agrees-meeting-date-102842
59,"[{'readLink': 'https://api.cognitive.microsoft.com/api/v7/entities/bc89d6dd-7784-36e6-bbfa-e56e02864aec', 'name': 'Stockpile'}, {'readLink': 'https://api.cognitive.microsoft.com/api/v7/entities/a3ce825b-444a-d683-cfcf-064bf89290ff', 'name': 'Oil'}]",,2019-06-20T07:04:00.0000000Z,"Oil prices rose over 1 percent on Thursday as official data showed U.S. crude stocks fell more than expected and as OPEC and other ... after last week’s tanker attacks, which boosted oil prices. Fears of a confrontation between Iran and the United ...",,"Oil prices rise as US stockpiles drop, OPEC agrees meeting date","[{'_type': 'Organization', 'name': 'The Financial Express'}]",https://www.financialexpress.com/market/oil-prices-rise-as-us-stockpiles-drop-opec-agrees-meeting-date/1612958/
60,"[{'readLink': 'https://api.cognitive.microsoft.com/api/v7/entities/ed4fce79-8ad4-352b-205b-e4db36c49bbe', 'name': 'Russia'}, {'readLink': 'https://api.cognitive.microsoft.com/api/v7/entities/d0270677-9e09-fed6-0693-0ca81df65388', 'name': 'OPEC'}]",,2019-05-12T21:18:00.0000000Z,"Opec ... An oil contamination forced Russia to halt flows along the Druzhba pipeline, a key conduit for crude into Eastern Europe and Germany, in April. The suspension left refiners scrambling to find supplies and its duration is unclear. Iran's oil ...",,"Opec in the dark on oil supply as Russia, Iran cut exports","[{'_type': 'Organization', 'name': 'Gulf Times'}]",https://www.gulf-times.com/story/631314/Opec-in-the-dark-on-oil-supply-as-Russia-Iran-cut-
61,"[{'readLink': 'https://api.cognitive.microsoft.com/api/v7/entities/6832c303-9b21-73e2-00f1-7772dc2e6460', 'name': 'Waiver'}, {'readLink': 'https://api.cognitive.microsoft.com/api/v7/entities/85fa63d3-9596-adb9-b4eb-502273d84f56', 'name': 'India'}]",,2019-04-23T06:08:00.0000000Z,"The price of global benchmark brent crude ... or “ Iran deal” in May. The U.S. has tried to allay fears that oil markets will be impacted following the decision to stop exemptions. Organization of the Petroleum Exporting Countries (OPEC), the global ...",,U.S. ends waiver for India on Iran oil,"[{'_type': 'Organization', 'name': 'thehindu.com', 'image': {'thumbnail': {'contentUrl': 'https://www.bing.com/th?id=AR_eb38b0dde4b719aca22575dd70e68061&pid=news'}}}]",https://www.thehindu.com/news/international/us-ends-waiver-for-india-on-iran-oil/article26914949.ece
62,"[{'readLink': 'https://api.cognitive.microsoft.com/api/v7/entities/7eb7c4d8-7a22-3212-d403-d883eb92fd67', 'name': 'Philippine Daily Inquirer'}, {'readLink': 'https://api.cognitive.microsoft.com/api/v7/entities/d0270677-9e09-fed6-0693-0ca81df65388', 'name': 'OPEC'}]",,2019-07-02T00:31:00.0000000Z,"Oil prices will likely increase over the next few months, but there are also many other variables besides OPEC that could impact the price, Molchanov said. Though tensions between the U.S. and Iran and attacks on tankers ... of Brent crude, the ...",,OPEC extends oil production cuts amid weaker demand outlook,"[{'_type': 'Organization', 'name': 'Philippine Daily Inquirer'}]",https://newsinfo.inquirer.net/1136593/opec-extends-oil-production-cuts-amid-weaker-demand-outlook
63,"[{'readLink': 'https://api.cognitive.microsoft.com/api/v7/entities/85116cf5-9eac-5df5-dd48-350e2f9a0d1e', 'name': 'Soaring'}, {'readLink': 'https://api.cognitive.microsoft.com/api/v7/entities/d0270677-9e09-fed6-0693-0ca81df65388', 'name': 'OPEC'}]",,2019-05-17T12:53:00.0000000Z,"Five months on, with oil prices more than $70, Trump will be in a less celebratory mood as Opec’s oil ministers and their ... and revived memories of the tanker wars of the 1980s. Even if Iran was not directly implicated in the attacks, it has awakened ...",,Soaring oil prices cast shadow on US ahead of Opec meeting,"[{'_type': 'Organization', 'name': 'The Guardian', 'image': {'thumbnail': {'contentUrl': 'https://www.bing.com/th?id=AR_2a11e962b50de53410a02557d2ad4c13&pid=news'}}}]",https://www.theguardian.com/business/2019/may/17/soaring-oil-prices-cast-shadow-on-us-ahead-of-opec-meeting
64,,,2018-04-20T18:59:00.0000000Z,"For much of the month, 14 members of the oil cartel OPEC ... Petroleum Reserves - a mechanism available to him - to lower the oil price. With the country awash with oil, it'll make little sense or have many takers. What he might do with the Iran nuclear ...",,Angry Tweets Will Not Trump OPEC's $100 Pipe Dream But Oil Market Fundamentals Might,"[{'_type': 'Organization', 'name': 'Forbes', 'image': {'thumbnail': {'contentUrl': 'https://www.bing.com/th?id=AR_f798ef715781699feff0f3ea5f101626&pid=news'}}}]",https://www.forbes.com/sites/gauravsharma/2018/04/20/opecs-100-pipe-dream-will-be-trumped-by-oil-market-fundamentals-and-not-angry-tweets/
65,"[{'readLink': 'https://api.cognitive.microsoft.com/api/v7/entities/502b5268-992d-26c9-a0d8-6f206338406e', 'name': 'Iran'}, {'readLink': 'https://api.cognitive.microsoft.com/api/v7/entities/5fcc3d97-0cf2-94e5-6dad-cd70e387bd69', 'name': 'China'}, {'readLink': 'https://api.cognitive.microsoft.com/api/v7/entities/a1fef295-b09b-bc52-5ef7-1bfc1389ea0c', 'name': 'Sanctions'}]",,2018-10-09T16:51:00.0000000Z,"Iran, the third-largest producer in the Organization of Petroleum Exporting Countries (OPEC), is finding fewer ... The very large crude carrier Dune, operated by National Iranian Tanker Co, offloaded oil into a bonded storage site at the Xingang section ...",,Iranian Supertanker Offloads Oil at Storage Facility in China Ahead of U.S. Sanctions,"[{'_type': 'Organization', 'name': 'gCaptain', 'image': {'thumbnail': {'contentUrl': 'https://www.bing.com/th?id=AR_35051d79a65e026e7de8ac7e2098f317&pid=news'}}}]",https://gcaptain.com/iranian-tanker-discharges-oil-into-storage-in-china-ahead-of-u-s-sanctions/
66,"[{'readLink': 'https://api.cognitive.microsoft.com/api/v7/entities/370ed614-32e1-4326-a356-dc0a7dd56aaa', 'name': 'Canada'}, {'readLink': 'https://api.cognitive.microsoft.com/api/v7/entities/ddb7c000-f710-87a0-dfc6-763c39ac30ee', 'name': 'World'}, {'readLink': 'https://api.cognitive.microsoft.com/api/v7/entities/c5c81a72-e5ba-35e0-c7b7-989168637634', 'name': 'Energy'}]",,2019-07-12T13:46:00.0000000Z,"The last hope of having a cross-country pipe was squashed in 2017 with the shelving of the ... Operated by Enbridge, Line 5 has a capacity of 540,000 barrels of day of crude oil and natural gas liquids. It’s a vital source of supply for the Sarnia ...",,"Canada, the fourth biggest oil nation, may be the world’s least energy secure","[{'_type': 'Organization', 'name': 'Calgary Herald', 'image': {'thumbnail': {'contentUrl': 'https://www.bing.com/th?id=AR_959bbcd0889753016b85797026d6152a&pid=news'}}}]",https://calgaryherald.com/commodities/energy/canada-the-fourth-biggest-oil-nation-may-be-the-worlds-least-energy-secure/wcm/b9b8c785-4532-4317-94b5-907a96cc33d5
67,"[{'readLink': 'https://api.cognitive.microsoft.com/api/v7/entities/a3ce825b-444a-d683-cfcf-064bf89290ff', 'name': 'Oil'}, {'readLink': 'https://api.cognitive.microsoft.com/api/v7/entities/bc89d6dd-7784-36e6-bbfa-e56e02864aec', 'name': 'Stockpile'}, {'readLink': 'https://api.cognitive.microsoft.com/api/v7/entities/d0270677-9e09-fed6-0693-0ca81df65388', 'name': 'OPEC'}]",,2019-06-20T01:05:00.0000000Z,"Oil prices rose over 1 percent on Thursday as official data showed U.S. crude stocks fell more than expected and as OPEC and other ... after last week's tanker attacks, which boosted oil prices. Fears of a confrontation between Iran and the United States ...",,"Oil prices rise as US stockpiles drop, OPEC agrees meeting date","[{'_type': 'Organization', 'name': 'Channel NewsAsia Singapore', 'image': {'thumbnail': {'contentUrl': 'https://www.bing.com/th?id=AR_1328540d85845124169355096c58f008&pid=news'}}}]",https://www.channelnewsasia.com/news/business/oil-prices-rise-as-us-stockpiles-drop--opec-agrees-meeting-date-11643506
68,"[{'readLink': 'https://api.cognitive.microsoft.com/api/v7/entities/a1fef295-b09b-bc52-5ef7-1bfc1389ea0c', 'name': 'Sanctions'}]",,2018-10-18T16:47:00.0000000Z,"A total of 22 million barrels of Iranian crude oil loaded on supertankers owned by the National Iranian Tanker Co ... to January 2015. Iran, the third-largest producer in the Organisation of the Petroleum Exporting Countries (OPEC), is finding fewer ...",,"With few buyers, Iranian oil fleet heads to China ahead of US sanctions","[{'_type': 'Organization', 'name': 'ET Auto.com'}]",https://auto.economictimes.indiatimes.com/news/oil-and-lubes/with-few-buyers-iranian-oil-fleet-heads-to-china-ahead-of-us-sanctions/66274380
69,"[{'readLink': 'https://api.cognitive.microsoft.com/api/v7/entities/bc89d6dd-7784-36e6-bbfa-e56e02864aec', 'name': 'Stockpile'}, {'readLink': 'https://api.cognitive.microsoft.com/api/v7/entities/a3ce825b-444a-d683-cfcf-064bf89290ff', 'name': 'Oil'}, {'readLink': 'https://api.cognitive.microsoft.com/api/v7/entities/d0270677-9e09-fed6-0693-0ca81df65388', 'name': 'OPEC'}]",,2019-06-20T03:05:00.0000000Z,"Reuters | June 20, 2019, 08:25 IST TOKYO: Oil prices rose over 1 percent on Thursday as official data showed U.S. crude stocks fell more than expected and as OPEC ... week's tanker attacks, which boosted oil prices. Fears of a confrontation between Iran ...",,"Oil prices rise as US stockpiles drop, OPEC agrees meeting date","[{'_type': 'Organization', 'name': 'ET Auto.com'}]",https://auto.economictimes.indiatimes.com/news/oil-and-lubes/oil-prices-rise-as-us-stockpiles-drop-opec-agrees-meeting-date/69867856
70,"[{'readLink': 'https://api.cognitive.microsoft.com/api/v7/entities/502b5268-992d-26c9-a0d8-6f206338406e', 'name': 'Iran'}]",,2019-07-05T03:54:00.0000000Z,"NEW YORK (Reuters) - Oil futures rose on Friday as tensions over Iran and an extension to output cuts by OPEC and its allies boosted prices, but mixed economic data limited the rally. Brent crude futures ... seized an Iranian tanker in Gibraltar over ...",,"Oil prices rise on Iran tensions, OPEC output cuts","[{'_type': 'Organization', 'name': 'The Guardian', 'image': {'thumbnail': {'contentUrl': 'https://www.bing.com/th?id=AR_3ce978d3871b4fd947e922ad6a984aee&pid=news'}}}]",https://www.theguardian.pe.ca/business/crude-oil-prices-fall-1-on-fears-for-global-economy-329877/
71,"[{'readLink': 'https://api.cognitive.microsoft.com/api/v7/entities/a3ce825b-444a-d683-cfcf-064bf89290ff', 'name': 'Oil'}, {'readLink': 'https://api.cognitive.microsoft.com/api/v7/entities/f6b4157d-8466-3010-b230-8e726b545851', 'name': 'Shoot'}, {'readLink': 'https://api.cognitive.microsoft.com/api/v7/entities/502b5268-992d-26c9-a0d8-6f206338406e', 'name': 'Iran'}]",,2019-06-20T14:47:00.0000000Z,"Oil rose more than 5% Thursday after Iran shot down a U.S. military drone, raising fears of a military confrontation between Tehran and Washington. Load Error Expectations that the U.S. Federal Reserve ... group OPEC and its allies. U.S. crude stocks ...",,Oil prices spike after Iran shoots down US drone in Gulf,"[{'_type': 'Organization', 'name': 'MSN', 'image': {'thumbnail': {'contentUrl': 'https://www.bing.com/th?id=AR_0cfcddaa71cae000b74e3bf52bc84d78&pid=news'}}}]",https://www.msn.com/en-us/money/markets/oil-prices-spike-after-iran-shoots-down-us-drone-in-gulf/ar-AADa2Z5
72,,,2019-06-20T14:50:00.0000000Z,"Oil rose more than 5% Thursday after Iran shot down a U.S. military drone, raising fears of a military confrontation between Tehran and Washington. Expectations that the U.S. Federal Reserve ... producer group OPEC and its allies. U.S. crude stocks fell ...",,Oil prices spike after Iran shoots down US drone in Gulf,"[{'_type': 'Organization', 'name': 'MSN', 'image': {'thumbnail': {'contentUrl': 'https://www.bing.com/th?id=AR_0cfcddaa71cae000b74e3bf52bc84d78&pid=news'}}}]",http://www.msn.com/en-us/news/other/oil-prices-spike-after-iran-shoots-down-us-drone-in-gulf/ar-AADa2Z5
73,"[{'readLink': 'https://api.cognitive.microsoft.com/api/v7/entities/bc89d6dd-7784-36e6-bbfa-e56e02864aec', 'name': 'Stockpile'}, {'readLink': 'https://api.cognitive.microsoft.com/api/v7/entities/d0270677-9e09-fed6-0693-0ca81df65388', 'name': 'OPEC'}, {'readLink': 'https://api.cognitive.microsoft.com/api/v7/entities/a3ce825b-444a-d683-cfcf-064bf89290ff', 'name': 'Oil'}]",,2019-06-20T03:38:00.0000000Z,"Oil prices rose over 1 per cent on Thursday as official data showed US crude stocks fell more than expected and as OPEC and other ... after last week's tanker attacks, which boosted oil prices. Fears of a confrontation between Iran and the United States ...",,"Oil prices rise as US stockpiles drop, OPEC agrees meeting date","[{'_type': 'Organization', 'name': 'Business Line', 'image': {'thumbnail': {'contentUrl': 'https://www.bing.com/th?id=AR_be9c4fae38f7e79aab9c2139ed72c1eb&pid=news'}}}]",https://www.thehindubusinessline.com/markets/commodities/oil-prices-rise-as-us-stockpiles-drop-opec-agrees-meeting-date/article28082006.ece
74,"[{'readLink': 'https://api.cognitive.microsoft.com/api/v7/entities/672bc136-22f9-3750-0459-2fbd2340f892', 'name': 'Saudi Arabia'}, {'readLink': 'https://api.cognitive.microsoft.com/api/v7/entities/a3ce825b-444a-d683-cfcf-064bf89290ff', 'name': 'Oil'}]",,2019-06-25T14:37:00.0000000Z,"The chief executive of Saudi Aramco, state oil firm of OPEC’s de ... climbed 5% and US crude surged almost 10%, its strongest week since 2016, after Iran shot down a US drone, adding to tensions stoked by previous attacks on oil tankers in the area.",,"Oil prices drop on demand worries, Saudi Arabia supply pledge","[{'_type': 'Organization', 'name': 'The Express Tribune', 'image': {'thumbnail': {'contentUrl': 'https://www.bing.com/th?id=AR_f34a538915ef6b766b3476a8ee84e32a&pid=news'}}}]",https://tribune.com.pk/story/2000032/2-oil-prices-drop-demand-worries-saudi-arabia-supply-pledge/
75,"[{'readLink': 'https://api.cognitive.microsoft.com/api/v7/entities/502b5268-992d-26c9-a0d8-6f206338406e', 'name': 'Iran'}, {'readLink': 'https://api.cognitive.microsoft.com/api/v7/entities/a3ce825b-444a-d683-cfcf-064bf89290ff', 'name': 'Oil'}, {'readLink': 'https://api.cognitive.microsoft.com/api/v7/entities/7c58267c-b73d-bdd3-40e5-9869f2162206', 'name': 'Shooting'}]",,2019-06-20T14:29:00.0000000Z,"Also supporting oil were expectations that the U.S. Federal Reserve could cut interest rates at its next meeting, stimulating growth in the world’s largest oil-consuming country, and a drop in U.S. crude ... for the tanker attacks. Iran denied any ...",,Oil prices rise amid report of Iran shooting down a U.S. drone,"[{'_type': 'Organization', 'name': 'ETF Daily News', 'image': {'thumbnail': {'contentUrl': 'https://www.bing.com/th?id=AR_a1c1f43cfbad0e1aa398ee59891e8dbf&pid=news'}}}]",https://etfdailynews.com/2019/06/20/oil-prices-rise-amid-report-of-iran-shooting-down-a-u-s-drone/
76,"[{'readLink': 'https://api.cognitive.microsoft.com/api/v7/entities/ba4dcd59-7aaf-ab51-0b2c-3186cc75acdc', 'name': 'Middle East'}]",,2019-06-15T18:50:00.0000000Z,"A cantilevered inlet pipe ... more tankers just a month after similar incidents. Insurance costs from the Arabian Gulf are soaring. The US pointed the finger at Iran for the attacks just outside the Strait of Hormuz, a vital corridor for crude oil exports.",,War risk insurance spirals higher for Middle East oil tankers,"[{'_type': 'Organization', 'name': 'Gulf News', 'image': {'thumbnail': {'contentUrl': 'https://www.bing.com/th?id=AR_7a84cd3fd53fb401ee9620578131c275&pid=news'}}}]",https://gulfnews.com/business/energy/war-risk-insurance-spirals-higher-for-middle-east-oil-tankers-1.64625378
77,"[{'readLink': 'https://api.cognitive.microsoft.com/api/v7/entities/ba4dcd59-7aaf-ab51-0b2c-3186cc75acdc', 'name': 'Middle East'}, {'readLink': 'https://api.cognitive.microsoft.com/api/v7/entities/1fed0e76-8502-b92b-c0eb-be89568314be', 'name': 'Rally'}]",,2019-06-20T07:45:00.0000000Z,"Oil ... Iran and the United States have mounted, with Washington blaming Tehran for the tanker attacks and Tehran denying any role. Oil prices had risen earlier in the day supported by signs of improving demand in the United States, an agreement between ...",,Crude oil prices rally amid escalating tensions in Middle East,"[{'_type': 'Organization', 'name': 'The Financial Express'}]",https://www.financialexpress.com/market/commodities/crude-oil-prices-rally-amid-escalating-tensions-in-middle-east/1613275/
78,"[{'readLink': 'https://api.cognitive.microsoft.com/api/v7/entities/4f379832-bf54-ebca-3358-4742a6c0b08a', 'name': 'Slowdown'}, {'readLink': 'https://api.cognitive.microsoft.com/api/v7/entities/5ffc654b-d60d-4e3e-e8aa-64710142f36d', 'name': 'Price'}, {'readLink': 'https://api.cognitive.microsoft.com/api/v7/entities/f63fbb04-7788-3709-3ea9-c5c8920edcf1', 'name': 'Oil'}]",,2018-12-25T02:54:00.0000000Z,Crude ... oil and stocks. A gauge of stocks worldwide hurtled toward an eighth straight decline on Monday as investors ignored the US Treasury secretary's actions to reinforce confidence in the economy and US President Donald Trump criticized the Federal ...,,Crude Oil Price Plunges 6% As Economic Slowdown Fears Grip Market,"[{'_type': 'Organization', 'name': 'NDTV', 'image': {'thumbnail': {'contentUrl': 'https://www.bing.com/th?id=AR_d1cb7e4fae367f2e7fe2eff72abcc1cc&pid=news'}}}]",https://www.ndtv.com/business/crude-oil-price-plunges-6-as-economic-slowdown-fears-grip-market-1967666
79,"[{'readLink': 'https://api.cognitive.microsoft.com/api/v7/entities/4d86c79b-7d58-979b-5e60-f3df5c1023e7', 'name': 'Persian Gulf'}, {'readLink': 'https://api.cognitive.microsoft.com/api/v7/entities/35fd5680-ec74-293a-28e4-0af5e829d6ee', 'name': 'Gulf of Oman'}, {'readLink': 'https://api.cognitive.microsoft.com/api/v7/entities/0581f529-a659-ac53-5b4d-b31af2c97854', 'name': 'Oil tanker'}]",,2019-06-15T11:32:00.0000000Z,"The latest attacks follow on from last month’s attacks on four tankers which the United States and Saudi Arabia blamed on Iran ... s crude oil supply is in the region and its surrounding coastal areas, as well as more than a third of the global reserve ...",,Who is Responsible for Attacking 2 Oil Tankers in The Gulf of Oman?,"[{'_type': 'Organization', 'name': 'Al Bawaba News', 'image': {'thumbnail': {'contentUrl': 'https://www.bing.com/th?id=AR_b6168df1a3ba597b5d544374d73a5d0a&pid=news'}}}]",https://www.albawaba.com/news/who-responsible-attacking-2-oil-tankers-gulf-oman-1291299
80,"[{'readLink': 'https://api.cognitive.microsoft.com/api/v7/entities/a3ce825b-444a-d683-cfcf-064bf89290ff', 'name': 'Oil'}, {'readLink': 'https://api.cognitive.microsoft.com/api/v7/entities/bc89d6dd-7784-36e6-bbfa-e56e02864aec', 'name': 'Stockpile'}, {'readLink': 'https://api.cognitive.microsoft.com/api/v7/entities/b7f7bd85-1ad0-4201-d37c-952337210b27', 'name': 'Supply'}]",,2019-06-26T18:40:00.0000000Z,"From Reuters: Oil prices rose on Wednesday, buoyed by an outage at a major refinery on the U.S. East Coast and industry data that showed U.S. crude stockpiles ... attacks on oil tankers just outside the Gulf in May and June on Iran, while Tehran has ...",,Oil prices rise following a fall in crude stockpiles supply,"[{'_type': 'Organization', 'name': 'ETF Daily News', 'image': {'thumbnail': {'contentUrl': 'https://www.bing.com/th?id=AR_a1c1f43cfbad0e1aa398ee59891e8dbf&pid=news'}}}]",https://etfdailynews.com/2019/06/26/oil-prices-rise-following-a-fall-in-crude-stockpiles-supply/
81,,,2018-12-13T00:00:00.0000000Z,"Bloomberg reported Iran’s Oil ... compared with October. OPEC’s November output was 33.03 million b/d, IEA said. Meanwhile, US crude oil inventories fell for the week ended Dec. 7. Supplies, excluding the Strategic Petroleum Reserve, decreased by ...",,MARKET WATCH: NYMEX crude oil drops on OPEC unity concerns,"[{'_type': 'Organization', 'name': 'Oil'}]",https://www.ogj.com/articles/2018/12/market-watch-nymex-crude-oil-drops-on-opec-unity-concerns.html
82,"[{'readLink': 'https://api.cognitive.microsoft.com/api/v7/entities/2cb53ba6-5f69-9623-f848-f152d6f30f0d', 'name': 'Trade'}]",,2018-10-12T19:03:00.0000000Z,"Our top play for that is Frontline Ltd. (FRO) , one of the largest crude oil ... non-OPEC countries increasing another 1.7 million barrels a day in 2019. In the future, the IEA sees that additional supply could potentially come from places like Iran ...",,"Frontline, the 100 Million Barrel-Per-Day Tanker Trade","[{'_type': 'Organization', 'name': 'TheStreet.com'}]",https://realmoney.thestreet.com/articles/10/12/2018/frontline-100-million-barrel-day-tanker-trade
83,"[{'readLink': 'https://api.cognitive.microsoft.com/api/v7/entities/502b5268-992d-26c9-a0d8-6f206338406e', 'name': 'Iran'}, {'readLink': 'https://api.cognitive.microsoft.com/api/v7/entities/5fcc3d97-0cf2-94e5-6dad-cd70e387bd69', 'name': 'China'}, {'readLink': 'https://api.cognitive.microsoft.com/api/v7/entities/a3ce825b-444a-d683-cfcf-064bf89290ff', 'name': 'Oil'}]",,2018-10-18T15:39:00.0000000Z,"A total of 22 million barrels of Iranian crude oil loaded on supertankers owned by the National Iranian Tanker Co ... to January 2015. Iran, the third-largest producer in the Organisation of the Petroleum Exporting Countries (OPEC), is finding fewer ...",,"With Few Buyers, Iranian Oil Armada Heads to China Ahead of U.S. Sanctions","[{'_type': 'Organization', 'name': 'gCaptain', 'image': {'thumbnail': {'contentUrl': 'https://www.bing.com/th?id=AR_35051d79a65e026e7de8ac7e2098f317&pid=news'}}}]",https://gcaptain.com/with-few-buyers-iranian-oil-armada-heads-to-china-ahead-of-u-s-sanctions/
84,"[{'readLink': 'https://api.cognitive.microsoft.com/api/v7/entities/a3ce825b-444a-d683-cfcf-064bf89290ff', 'name': 'Oil'}, {'readLink': 'https://api.cognitive.microsoft.com/api/v7/entities/d0270677-9e09-fed6-0693-0ca81df65388', 'name': 'OPEC'}]",,2019-06-18T13:28:00.0000000Z,“Crude remains vulnerable on falling demand expectations from trade uncertainty and OPEC’s inability to solidify ... confrontation as Saudi Arabia accuses Iran of complicity in attacks on the two oil tankers. Iran has denied culpability.,,Oil holds losses as OPEC uncertainty adds to weak US outlook,"[{'_type': 'Organization', 'name': 'Free Malaysia Today', 'image': {'thumbnail': {'contentUrl': 'https://www.bing.com/th?id=AR_11cd927155fdf87352cdfdeb137432ca&pid=news'}}}]",https://www.freemalaysiatoday.com/category/business/2019/06/18/oil-holds-losses-as-opec-uncertainty-adds-to-weak-us-outlook/
85,,,2017-04-01T00:00:00.0000000Z,"NEW DELHI (Reuters) - Indian state refiners will cut oil imports from Iran in ... in oversupply despite OPEC cuts, as OPEC cuts are mainly medium heavy sour,” said Ehsan ul Haq of KBC Energy Economics. Prices of light crude have fallen recently, thanks ...",,India to cut Iranian oil purchases in row over gas field,"[{'_type': 'Organization', 'name': 'Reuters'}]",https://in.reuters.com/article/india-oil-idINKBN1733JY
86,,,2018-08-20T06:07:00.0000000Z,"NEW YORK, Aug 20 (Reuters) - Oil ... tankers to skirt U.S. sanctions on ship insurers. The U.S. Department of Energy (DOE) is offering 11 million barrels of crude for sale from the nation’s Strategic Petroleum Reserve (SPR) ahead of the sanctions on Iran.",,"UPDATE 9-Oil gains on easing trade war concerns, sanctions on Iran","[{'_type': 'Organization', 'name': 'Reuters'}]",https://af.reuters.com/article/energyOilNews/idAFL3N1VB17H
87,,,2018-04-20T21:28:00.0000000Z,"Delegates at an OPEC/non-OPEC monitoring committee meeting in Jeddah, Saudi Arabia said oil prices were higher partially because of global political tensions, mentioning sanctions on Venezuela, threats to the Iran ... crude oil - about 15 percent of the ...",,"Trump Rails Against Oil Prices, OPEC Pushes Back","[{'_type': 'Organization', 'name': 'Marine Link', 'image': {'thumbnail': {'contentUrl': 'https://www.bing.com/th?id=AR_793fec7089f411f217a4ad835e0a79b0&pid=news'}}}]",https://www.marinelink.com/news/against-prices-pushes436632
88,"[{'readLink': 'https://api.cognitive.microsoft.com/api/v7/entities/d0270677-9e09-fed6-0693-0ca81df65388', 'name': 'OPEC'}]",,2019-06-21T06:01:00.0000000Z,This is coming as crude ... for the tanker attacks but Iran had denied any role. Concern about slowing economic growth and a US-China trade dispute has pulled oil lower in recent weeks. Brent had reached a 2019 high of $75 in April. OPEC and allies ...,,"OPEC, NEITI Hail Kyari’s Appointment as NNPC Boss","[{'_type': 'Organization', 'name': 'This Day'}]",https://www.thisdaylive.com/index.php/2019/06/21/opec-neiti-hail-kyaris-appointment-as-nnpc-boss/
89,"[{'readLink': 'https://api.cognitive.microsoft.com/api/v7/entities/ddb7c000-f710-87a0-dfc6-763c39ac30ee', 'name': 'World'}, {'readLink': 'https://api.cognitive.microsoft.com/api/v7/entities/502b5268-992d-26c9-a0d8-6f206338406e', 'name': 'Iran'}, {'readLink': 'https://api.cognitive.microsoft.com/api/v7/entities/cc1954d6-b34b-21d6-818f-13f57dad0601', 'name': 'Dawn'}]",,2019-06-28T11:42:00.0000000Z,"taking an unprecedented step to increase pressure on Iran after Tehran's downing of an unmanned American drone last week. “We will sanction any imports of Iranian crude oil... There are right now no oil waivers in place,” Brian Hook said when asked ...",,"US will sanction 'illicit purchases' of Iranian crude oil, says special envoy","[{'_type': 'Organization', 'name': 'Dawn', 'image': {'thumbnail': {'contentUrl': 'https://www.bing.com/th?id=AR_77d931cd44019be71c3157316397b988&pid=news'}}}]",https://www.dawn.com/news/1490917
90,,,2018-06-09T18:25:00.0000000Z,"... oil cartel OPEC's second biggest producer with 153 billion barrels of proven crude reserves. ""The Baghdad left Basra on Friday night headed for the United States. It is the first time since 1991 that Iraq is running its own oil tankers,"" oil ministry ...",,First Iraq-flagged oil tanker in 3 decades leaves port,"[{'_type': 'Organization', 'name': 'France 24', 'image': {'thumbnail': {'contentUrl': 'https://www.bing.com/th?id=AR_93c545060728d2f60fd638cf202316b5&pid=news'}}}]",https://www.france24.com/en/20180609-first-iraq-flagged-oil-tanker-3-decades-leaves-port
91,"[{'readLink': 'https://api.cognitive.microsoft.com/api/v7/entities/d994db44-6f7b-49c4-275a-8c00d1ae42c8', 'name': 'Looming'}, {'readLink': 'https://api.cognitive.microsoft.com/api/v7/entities/f63fbb04-7788-3709-3ea9-c5c8920edcf1', 'name': 'Oil'}]",,2019-03-25T13:25:00.0000000Z,The crude oil tanker ‘Devon’ sails towards Kharq Island ... with concerns recession could be looming outweighing supply disruptions from Opec’s production cutbacks and from US sanctions on Iran and Venezuela. Brent crude oil futures were at US$ ...,,Oil prices drop almost 1% on concerns recession may be looming,"[{'_type': 'Organization', 'name': 'Free Malaysia Today', 'image': {'thumbnail': {'contentUrl': 'https://www.bing.com/th?id=AR_11cd927155fdf87352cdfdeb137432ca&pid=news'}}}]",https://www.freemalaysiatoday.com/category/business/2019/03/25/oil-prices-drop-almost-1-on-concerns-recession-may-be-looming/
92,"[{'readLink': 'https://api.cognitive.microsoft.com/api/v7/entities/502b5268-992d-26c9-a0d8-6f206338406e', 'name': 'Iran'}, {'readLink': 'https://api.cognitive.microsoft.com/api/v7/entities/6dd1d7bd-393f-a467-12fa-e71f98cc00b9', 'name': 'Venezuela'}, {'readLink': 'https://api.cognitive.microsoft.com/api/v7/entities/52ad433c-e5bd-3afc-bc1a-5a9e8a9e9605', 'name': 'Slump'}]",,2018-06-11T08:51:00.0000000Z,"... boe of remaining oil and gas reserves, much of it heavy oil, is behind only Russia and the USA in global rankings. A decade ago, Venezuela’s output was 2.6 million b/d, third in OPEC behind Saudi Arabia and Iran. Today it’s eighth, after five years ...",,"Venezuela's Slump, Iran Sanctions, Oil prices","[{'_type': 'Organization', 'name': 'Forbes', 'image': {'thumbnail': {'contentUrl': 'https://www.bing.com/th?id=AR_f798ef715781699feff0f3ea5f101626&pid=news'}}}]",https://www.forbes.com/sites/woodmackenzie/2018/06/11/venezuelas-slump-iran-sanctions-oil-prices/
93,"[{'readLink': 'https://api.cognitive.microsoft.com/api/v7/entities/6dd1d7bd-393f-a467-12fa-e71f98cc00b9', 'name': 'Venezuela'}]",,2019-04-30T20:01:00.0000000Z,The crisis in Venezuela comes at a tricky time in the oil markets. Crude prices have surged in 2019 in response to deep supply cuts by OPEC and the Trump administration's crackdowns on two OPEC nations: Iran and ... has more oil reserves than any nation ...,,What the uprising in Venezuela means for oil prices,"[{'_type': 'Organization', 'name': 'Click2Houston', 'image': {'thumbnail': {'contentUrl': 'https://www.bing.com/th?id=AR_92b9bbb2b6276cbb5618fd67c6573fc9&pid=news'}}}]",https://www.click2houston.com/news/international/what-the-uprising-in-venezuela-means-for-oil-prices
94,"[{'readLink': 'https://api.cognitive.microsoft.com/api/v7/entities/7eb7c4d8-7a22-3212-d403-d883eb92fd67', 'name': 'Philippine Daily Inquirer'}, {'readLink': 'https://api.cognitive.microsoft.com/api/v7/entities/d0270677-9e09-fed6-0693-0ca81df65388', 'name': 'OPEC'}]",,2019-07-01T14:09:00.0000000Z,VIENNA — OPEC is deciding whether to extend its ... The cuts were aimed to put upward pressure on the price of oil and reduce oversupply. Tensions between the U.S. and Iran and attacks on tankers near the Strait of Hormuz have pushed up oil prices ...,,OPEC weighs extension of output cuts amid slackening demand,"[{'_type': 'Organization', 'name': 'Philippine Daily Inquirer'}]",https://business.inquirer.net/273711/opec-weighs-extension-of-output-cuts-amid-slackening-demand
95,"[{'readLink': 'https://api.cognitive.microsoft.com/api/v7/entities/adec2ef7-7683-0db4-160d-f9105507e8df', 'name': 'Americans'}, {'readLink': 'https://api.cognitive.microsoft.com/api/v7/entities/25e202db-9625-03e2-ec24-41ffcfdcc9c5', 'name': 'ADVISE'}, {'readLink': 'https://api.cognitive.microsoft.com/api/v7/entities/a3ce825b-444a-d683-cfcf-064bf89290ff', 'name': 'Oil'}]",,2019-03-17T04:09:00.0000000Z,"OPEC ... crude oil at Iran’s Kharg Island for what S&P Platts reported on Friday would apparently be the final shipment of Iranian oil to Japan before its six-month sanctions waiver from the US expires, IntelliNews reported on its website. Whether the ...",,Oil Market Tensions: “Americans talk a lot and I advise them to talk less”,"[{'_type': 'Organization', 'name': 'Iranian.com', 'image': {'thumbnail': {'contentUrl': 'https://www.bing.com/th?id=AR_c7e92d2550fd9f04a3e99c945ce58f56&pid=news'}}}]",https://iranian.com/2019/03/17/oil-market-tensions-americans-talk-a-lot-and-i-advise-them-to-talk-less/
